,l0,l1,l2,alpha
0,7.516606851694363e-05,0.021130653401482853,0.03315214970108346,0.28871909750835817
1,0.0002114070209891343,0.025034046138940336,0.07797884900535157,0.3044165264655507
2,0.0004907766242746164,0.02669642662985509,0.08134522906686688,0.33157382368485894
3,0.000679096886965741,0.031290016253990194,0.10462158742479344,0.3383664483191743
4,0.0007302400957448218,0.04062282409691787,0.1159860318213343,0.33903807772865885
5,0.0007558776506122467,0.045078584162355564,0.1479692950461896,0.34350638707475906
6,0.0009984179619034195,0.05264369423085967,0.15060461534416197,0.35855048702523973
7,0.00105177529537296,0.05393066253569789,0.15351591123918862,0.3672272056797346
8,0.0013790788260133885,0.06091782754422759,0.15859146112902583,0.36741857525632493
9,0.0018958015982591808,0.06261242532684014,0.1608279930491024,0.36954895919810504
10,0.0018979965653589115,0.06452941902311606,0.16223103290208807,0.37039715558417713
11,0.0022416439177070924,0.0660413889639421,0.18626160969171746,0.37193089952397296
12,0.0026085898802066243,0.07176607421247339,0.1901117977894854,0.3723349463865973
13,0.002670565810737102,0.07219019596341197,0.2058218625645777,0.3740265686157902
14,0.002745239945258826,0.07457339617212988,0.2094233100419446,0.37461174329686264
15,0.0031300791272363187,0.07523558319716744,0.22684791056425846,0.3771904257116715
16,0.003156078553384137,0.07847848903996164,0.2316069690694357,0.3812152857602976
17,0.0032796861373200203,0.08015195141639431,0.2316907755829431,0.38169755808318273
18,0.003403867135649108,0.08303309539280163,0.2355786276400662,0.38300817218302663
19,0.0039081757205181415,0.08520069850099224,0.23771536220913922,0.386219351625721
20,0.003941200678795581,0.08728673975914147,0.24436264117519957,0.38662896906276517
21,0.004148685436498323,0.08780333407016186,0.24485701363762347,0.3884557435045095
22,0.00436956725705874,0.09386640448909632,0.24683862800948053,0.3931634966234843
23,0.004490046118300492,0.09583646710870657,0.2590774727019798,0.3945460786227135
24,0.004515454949910652,0.096383818589238,0.2637908174190957,0.39876543778329065
25,0.004731741074707409,0.09960708633335957,0.26418273511797796,0.3987773530774824
26,0.004863592857954329,0.10165519330839912,0.267946795309203,0.400046083170579
27,0.004960273965631645,0.1022114981552828,0.27320551869840326,0.403041029823789
28,0.004982500514932142,0.10590925393718213,0.27800229479515826,0.40348673556571213
29,0.005303175622954792,0.10618212979364537,0.2885840875874295,0.4047029146666994
30,0.006300853466890244,0.10620466301899958,0.2914538778914703,0.4056070055704934
31,0.006409913744989559,0.10990195704842114,0.30947272129793474,0.4060913465280548
32,0.006942646060795532,0.11396364566783844,0.31164578008729016,0.4070410835099014
33,0.007307158301150892,0.11665362112640251,0.31404717450018416,0.40706418076952533
34,0.007676909714965069,0.11695279710635126,0.32128224105832515,0.4078258483227045
35,0.009351107029525574,0.11822578199675753,0.32202071998240944,0.4090341835534113
36,0.009375168969726289,0.11894714738217013,0.3527946584923696,0.4105410542829165
37,0.009994699932013115,0.11930553578075948,0.36131787955185024,0.41280728486694585
38,0.010437562436543507,0.1224773444676247,0.3640978379511651,0.4133216230459497
39,0.010630175829595627,0.1241501393305231,0.36887053851358276,0.41359261718416285
40,0.012041360795801006,0.12706303323193474,0.37102356959558896,0.41363222609336087
41,0.012701998801795462,0.12775129675308142,0.3783569518321789,0.41451347657363463
42,0.012794445411452554,0.13045858098031263,0.3837972503913294,0.41457496024817436
43,0.013374353590299912,0.13132467369452022,0.39913576852366783,0.41663932342595217
44,0.01391438635716924,0.13327655990353382,0.3993184643103017,0.4172962109909786
45,0.014546128946662023,0.13523339226878428,0.3994277278002988,0.41804142552825124
46,0.014558269486693032,0.1378043283534129,0.40211830169780327,0.41969447523042835
47,0.014790969228106299,0.13815048015598297,0.41222485878304316,0.4206294125000597
48,0.015244692840442386,0.14003870234035645,0.4201587551287322,0.4227682576027576
49,0.016557993670440745,0.14218032307253936,0.4226847635685159,0.4230174510791759
50,0.016659370380308902,0.14236084421728662,0.43348142693033065,0.42358223650304083
51,0.017225329715131327,0.14994484333529126,0.44227262689928426,0.4236989982765567
52,0.017282038063528793,0.15546461218295848,0.4472343986627769,0.42463624824002527
53,0.01742891479406128,0.15749512693162399,0.4601740180378191,0.42467698349750466
54,0.018620968384387662,0.15828731726061218,0.4609039098253981,0.42484963638655104
55,0.019306897701926437,0.15923687773631817,0.470615409010349,0.4248997408360907
56,0.019481574907084,0.16239719540795233,0.4798253903642703,0.42593494900707174
57,0.01976194749576981,0.1630424396325908,0.4800089002545138,0.4260331619596476
58,0.020806218437287485,0.16306365475430384,0.48313383936316256,0.4271482373123471
59,0.021682671959967828,0.163120237055104,0.48960551959889165,0.4271673130217822
60,0.022342125661097556,0.16655005962221495,0.503702307287946,0.42845687427466617
61,0.022580515091838116,0.16938369762126745,0.5069060807426204,0.42871154510997483
62,0.022775775880101393,0.17016449038730186,0.5082854596335756,0.4287218170072935
63,0.022817336065114713,0.17606477777144822,0.5116930351279144,0.4311816393991648
64,0.022896523652387687,0.17833728316254768,0.5184504125819688,0.43220766629609575
65,0.023397745056465115,0.1800360301711132,0.5257631962412042,0.43244236591515617
66,0.024985505218055093,0.18382624393751457,0.5300136941047875,0.4326202276666504
67,0.025288676166289954,0.1862386185263304,0.548385485705603,0.43287392636536576
68,0.02645620428230333,0.18762360849935306,0.5487231115063312,0.4332585263045672
69,0.026703780562074286,0.1877884070081019,0.5533525066333842,0.4333269434818937
70,0.027104093215777336,0.1899986988104475,0.5679561031383638,0.43333490814858366
71,0.027964743241361216,0.19227325250705907,0.5732878927997285,0.4345806714954558
72,0.030521338772581452,0.193702833753916,0.578065376639348,0.43690888504201736
73,0.030669679194539834,0.1941932312354604,0.5808296470833478,0.4377494679936011
74,0.03093509368888081,0.19659582310071508,0.5846865351146847,0.43826363065132434
75,0.031189570320101112,0.19773300326936774,0.5979107137845256,0.43921901434118277
76,0.0319507557135667,0.19803622532826565,0.5988080649517423,0.44059493638584685
77,0.03241775112883105,0.19843234735629992,0.603468455876587,0.4406285333438723
78,0.032817610782155074,0.19888212430495167,0.60831377845427,0.4414217990457453
79,0.03456720584792547,0.1992659466377874,0.6099644498448836,0.44195999446468925
80,0.03747731300091323,0.19933780621989394,0.6164391316410753,0.44288946252308337
81,0.037495893443393644,0.19961014923843717,0.6178075255696729,0.44378356036169253
82,0.03905213800274909,0.20261138303261236,0.6209374650593196,0.44412305736227736
83,0.039221040818407604,0.20331364716298467,0.6328551967139422,0.4452629969791855
84,0.04007464427328632,0.20453018310397958,0.6388847903462649,0.44612453490149223
85,0.04125329313191094,0.20849100869486642,0.6403020453832524,0.44645962792690974
86,0.04196034781222918,0.20910201592675887,0.6415592919204447,0.44660593276713306
87,0.04207022717285922,0.21016141445736305,0.6473536372457275,0.4472577401530044
88,0.04208284015448971,0.2157996761718495,0.6511137073939149,0.4480350669213063
89,0.0447534568282626,0.21612931296456206,0.6546646665157464,0.44820011991595626
90,0.045971456665069674,0.2173402678623572,0.6592608655162837,0.44841943383049104
91,0.04744250691610362,0.22002445161521741,0.6607634489929695,0.4484265579934644
92,0.04780500751435826,0.22389280074432494,0.6651930772289184,0.44843889052794406
93,0.04926448053088684,0.2277467468507905,0.6707180874229595,0.4487992936279878
94,0.049292383440780685,0.22939742017752085,0.6854172791113636,0.44934359204732405
95,0.04947609627735072,0.23302825944715003,0.6948742101213764,0.4494404338759996
96,0.0500214551238547,0.2365032989402952,0.7051564762670587,0.45005419144403425
97,0.0503658991849209,0.23655675017347166,0.7104817789456858,0.4503470660242648
98,0.05323483066087509,0.23718080194257996,0.7121489589545229,0.45038761936821675
99,0.05354331755622268,0.23926727057022967,0.7142345810336341,0.4505578214578255
100,0.05415587685269474,0.2412587770586601,0.7170890798568252,0.4508314699143096
101,0.054307976135149795,0.24214670441345282,0.7243171974498166,0.45159098767325945
102,0.05506754468703971,0.24221643622022693,0.7246711993493168,0.45192669972917027
103,0.05516925740538692,0.24386710222241828,0.7314821818048625,0.45240678645786864
104,0.055977363620468734,0.2443193655766387,0.7365101850947976,0.4524470150786062
105,0.05743178057164022,0.24724084395056645,0.7399972604992178,0.45265062530680894
106,0.058039869482026996,0.2506150704940091,0.7453773737415839,0.45292364410387953
107,0.058207622219492716,0.25087379733101417,0.745498349852451,0.45306140712191145
108,0.06275127995188479,0.25104955208432067,0.7652536745625957,0.45307716768161754
109,0.06285596013083189,0.251657433668637,0.7689712965037715,0.45372770090046255
110,0.06288399739949885,0.25271359220200673,0.7696359192452038,0.4537427876878427
111,0.06408466279156914,0.2532376010280765,0.7782836063155654,0.4541913501966512
112,0.06587631093409727,0.255906340961427,0.7786382092949793,0.4542873833544524
113,0.06696400664562746,0.2567581567878639,0.7794161864046851,0.454485675096652
114,0.067182079705363,0.2568594265651252,0.7825187301810725,0.455144163207306
115,0.06778398434847163,0.2570012678942592,0.784930135771515,0.4558569863629128
116,0.06779746737320969,0.25701643847064093,0.7956708282114757,0.4561660774890608
117,0.06789629098452393,0.25703203621061577,0.7970743884794507,0.4564462218220666
118,0.06802817970848385,0.25984295271403135,0.8004923555746944,0.4565222740628164
119,0.06968885275055225,0.26533148493167363,0.8015288666193593,0.45764379208161093
120,0.07107625916662819,0.2667503459353533,0.8041745775053581,0.45799527181243893
121,0.0716183171979119,0.26721052614989044,0.8126468593723346,0.45934020620961974
122,0.07167520921016826,0.2676498527775086,0.8146114861810225,0.45937585641518625
123,0.07295720834712088,0.26810048880394133,0.8247452624315305,0.4597501406992393
124,0.07334336497689498,0.26934299092033676,0.8368982969401452,0.46020751447844743
125,0.07521904917851341,0.2704213987393965,0.8428397664959336,0.46050386002280147
126,0.07826403124565556,0.2704610142859968,0.8523286411099071,0.4607597506599483
127,0.07841814062919383,0.2747514607062498,0.8529807321577476,0.46084738537876857
128,0.07933600482161984,0.2773925632089366,0.8596240614166408,0.46166199774942285
129,0.08085121719264415,0.27760964490125095,0.8675861306025365,0.4617882233864957
130,0.08186186111857738,0.27859667470448024,0.8767341532100098,0.46279958549945177
131,0.08189585998866004,0.27864900264117615,0.8952537190100022,0.46292309356502004
132,0.08303013835498149,0.27997181113341735,0.8979037279870977,0.4630354562894532
133,0.08494090085867695,0.281261175094094,0.9043703246055508,0.463590053380446
134,0.0861182958320387,0.2829431683143465,0.9065172247638486,0.46377933440344365
135,0.08764762475558008,0.28505689233245196,0.909819149080844,0.4646333900309917
136,0.09006295433344014,0.2873244278908572,0.9146238362927422,0.46481877430786467
137,0.09064717977994413,0.28851537855731924,0.9155939812754623,0.46531838620972654
138,0.09142883463566283,0.2935127771388132,0.9178489222690565,0.4663502490293932
139,0.09147990189374591,0.2942972838966845,0.9247973299538901,0.46647687078754385
140,0.0916968329931876,0.2947860312241134,0.9248096524636524,0.4668928941318546
141,0.09227347764427299,0.2954062881252691,0.9310264157986872,0.46701836575862127
142,0.09353685894097402,0.2956719587521171,0.9366712913632844,0.4675293619698745
143,0.09364480276935244,0.2964468602337319,0.9434487397118925,0.46789181018588577
144,0.0943779175556654,0.30003084679453895,0.9504138582351863,0.46939001684420256
145,0.09586533588560547,0.3003595762477396,0.951933444646107,0.46986909841527624
146,0.09681231629427262,0.30649747014078144,0.9542458428141778,0.4722755764030004
147,0.09786396573494607,0.3074523476464699,0.9578631004553801,0.47228454434741896
148,0.09829349461165848,0.30804392318191853,0.9636804437511882,0.4723495766945097
149,0.09832877644315036,0.3087235443724337,0.9702389210180022,0.4732990015688761
150,0.10085255661052189,0.30969271727566067,0.9754103945339132,0.47355096820999143
151,0.10109551239294945,0.3104235797048794,0.9776339182705351,0.4738032661346673
152,0.10128810398223269,0.31043853289770373,0.9844886556905956,0.47398601293211184
153,0.10176413469845924,0.3108133424019922,0.9856540031510901,0.47423270377000426
154,0.10193763488539545,0.312558339622372,0.9887902168083181,0.47441540905140384
155,0.1021268294814659,0.31542027184049004,0.9888226540997138,0.47483041863819686
156,0.10279538763585205,0.31706725341350506,1.00197868762509,0.47522479411697616
157,0.10342746970157154,0.3176629973175811,1.0035946199406942,0.4753835018665235
158,0.10345383502312211,0.3194666888859602,1.005329051594897,0.4758171170333286
159,0.10508794740231009,0.31992107431891237,1.0070805770041154,0.47628577866866595
160,0.10516454894949612,0.3200171578169477,1.007784655577558,0.4768272505636726
161,0.10521839797033405,0.32004838346110037,1.0078100925021451,0.47690392446926605
162,0.10594627476610952,0.3210462968808022,1.0184478964835684,0.4783583175542133
163,0.10697806617857274,0.3210939603193582,1.0267908981691871,0.4793118750653137
164,0.10820205293353946,0.32224516694300925,1.0270240246259872,0.47970400748824116
165,0.10902033453593203,0.3225380817245528,1.0311588106183929,0.4800224993479586
166,0.11272510989509155,0.3234617544265812,1.0328316556305084,0.4801709529881294
167,0.11426257058285122,0.3236650429062861,1.034135014248026,0.4805485526781989
168,0.1144550641859127,0.32466161876838934,1.0371354263137897,0.48084629110157817
169,0.11556614666292442,0.3253800930053694,1.0382415724442948,0.48091991527753086
170,0.11578597939828762,0.32592917757205603,1.053674340946315,0.4811194651290416
171,0.11759209157554956,0.3267790222869295,1.0548531749021315,0.48179650726236883
172,0.11800678017925248,0.3304933711875455,1.055526295621225,0.48186484322333717
173,0.11804430801571553,0.3308877837153357,1.056406219193487,0.4825594580185975
174,0.11918961180700188,0.33109007535808443,1.0602727942922092,0.48276861558256445
175,0.11933990232862088,0.333050598882622,1.0669307365882676,0.4832240261553906
176,0.11958055176151872,0.33522021324166257,1.0712902187041222,0.4838197285210503
177,0.11960864329034003,0.33567743054396354,1.0753773207982127,0.4838246738856985
178,0.11977667023380811,0.33728137257865465,1.0771081140207135,0.48441100709227264
179,0.12009564005332929,0.33729983624286175,1.0771240022512834,0.48505867358311605
180,0.12041096853382441,0.3407577122304929,1.0822009747197372,0.4860550478197235
181,0.12046342780603159,0.343479095612747,1.0838313493286087,0.4860591795717171
182,0.12082435070790337,0.3445680644309641,1.086850643323024,0.4864373243028787
183,0.12116278506030478,0.3446880596899875,1.0882765374790104,0.4865709655640116
184,0.12163147431164623,0.3450150462482119,1.0884509367500805,0.4866349386079982
185,0.12242846717632008,0.3456024982633739,1.0934450754034821,0.4872410994554212
186,0.12302050641413564,0.3469663253756584,1.0995072049233654,0.48776905046319663
187,0.12755557296288167,0.35303766743109316,1.102083229503933,0.48777823727436764
188,0.12842456261157587,0.3532278542047743,1.102206760262087,0.48780144249498636
189,0.1301959743036615,0.35363291915850315,1.1031160270495228,0.4879860072967376
190,0.13182843002525504,0.3550581688630711,1.1057979908569542,0.48822631686391027
191,0.13190796225560258,0.35634503808533163,1.1064227403440572,0.48828764618142817
192,0.13262726632926355,0.35663961150105755,1.1092838068991555,0.4889513459068684
193,0.13453899256902802,0.3568121237595918,1.1200127689707127,0.48915738743147613
194,0.13463432739553632,0.3574053576612752,1.1213218103737173,0.4892399392362388
195,0.1351942484564187,0.3579305366517575,1.1223334991797569,0.48962799893180553
196,0.13557129280393615,0.358594753133042,1.122389291932097,0.49005764491183756
197,0.13575867254307286,0.36020575020746465,1.126099254054324,0.49059171416222846
198,0.13598652801814134,0.3614566404400855,1.1270940675532701,0.49064176371917617
199,0.13637023060082998,0.36183855786414354,1.1281604280243256,0.49148336005159354
200,0.13715257314690302,0.36220647360695096,1.1342341557585023,0.49156044542833566
201,0.1381923258357156,0.36311768275922673,1.1361332519263465,0.49193909030512795
202,0.1383308795031706,0.36714987049497805,1.1478991515418002,0.49212659430640027
203,0.13864437802039192,0.36894015016410525,1.148421130917341,0.4922724101908254
204,0.1386558640939919,0.37024830177089807,1.1558941410780235,0.49249044314037066
205,0.1388302160383107,0.37080567950426985,1.1560999013203195,0.49250686825197304
206,0.14184953296101405,0.3721886487362334,1.157925373228058,0.49267450862230955
207,0.14409641100027593,0.3728518690593666,1.158692791298625,0.49297566015507016
208,0.1477058003275754,0.3743846665271612,1.1612210946018953,0.49313795773777036
209,0.15029968484086187,0.3747104919800085,1.163849874585782,0.4935408914658737
210,0.15063749139517502,0.378738252906584,1.1787108711989207,0.4937456367387975
211,0.15434377844753727,0.3790683290805118,1.1830624633964628,0.4938903390856417
212,0.15515119096324614,0.3802892366291023,1.1837023143634071,0.49417211053164145
213,0.15718783344446052,0.3808408056182771,1.1848860376930677,0.4942858259667332
214,0.15726307090902653,0.38116046627441824,1.1850283454993067,0.4946685609405805
215,0.16123021118199143,0.3818431097944901,1.190581235127576,0.4948406162481287
216,0.16286721569714827,0.3850947531849531,1.1927390417202595,0.4951384388843154
217,0.16440728054841502,0.3863012310531805,1.1979463003654738,0.49523841710248817
218,0.1652754340489583,0.38644019589009526,1.2005250689608151,0.49583668355473637
219,0.16605957747157896,0.38690576039004576,1.203255005795846,0.4961911426483273
220,0.16658670574340637,0.38919017975250714,1.2056109202919072,0.4963687353706574
221,0.1667137129536333,0.38937332273895653,1.2068829056272803,0.496374624793384
222,0.1683519967325255,0.3895590050967199,1.2126522078534454,0.49701610326077367
223,0.16953730993306393,0.3904536437184689,1.2144365723846782,0.4973670603054625
224,0.17043118534403154,0.39200351942651246,1.2148483561986043,0.49767855372907516
225,0.17133674683022618,0.3921261215457743,1.2151684491360553,0.4979682010573312
226,0.17199409504613883,0.3955220093449161,1.2228115479306438,0.49812397325434377
227,0.1730251502334247,0.39681821407608375,1.2280878678919878,0.49820702510570913
228,0.17325402643413768,0.3970764790539478,1.2307048361459116,0.49899108556923094
229,0.17529794905717988,0.39714021763497176,1.234077520964648,0.49918992603839674
230,0.17557502665640357,0.39792936985691324,1.2357820393545742,0.499390316524785
231,0.177422542531071,0.3989328921575193,1.2367406470840587,0.4994685980468452
232,0.17763035043512745,0.39971542052624165,1.2397336591233876,0.49997796482429635
233,0.1786465495657823,0.40194122394728904,1.2431919644548266,0.5002634914606738
234,0.17958159644743854,0.4022456206141185,1.2441696502659991,0.5005971857983333
235,0.17998598567447122,0.4035890772766649,1.2445521683185188,0.5007115830623257
236,0.18177035687495063,0.40381801026799563,1.2448853890441196,0.5008052193475238
237,0.18427257307236014,0.4040486499053725,1.2452044190096756,0.5010592907145739
238,0.1856004605553799,0.4079684823402019,1.245422395970143,0.5015324290981027
239,0.18766347046567744,0.40882086531538564,1.2501409072185257,0.5018539393501494
240,0.18886530248596947,0.41040086107257745,1.250964777934108,0.5021246760567065
241,0.18895405556917644,0.4104447367205223,1.2545451157557637,0.5034598274351758
242,0.19439802476872542,0.4131743184604137,1.257064119834483,0.5036315844442755
243,0.19482502991743228,0.4134211975854804,1.2592159661401259,0.5043239816979287
244,0.1949278168694131,0.41359204358237905,1.2674623355145709,0.5047760409912924
245,0.196113218180466,0.4141783544253383,1.269935755060802,0.5054711266281909
246,0.19860193237578017,0.4142308803732365,1.2701609796890898,0.5060673495329964
247,0.20089362728626428,0.4142514018871285,1.2718988203910553,0.506145526054123
248,0.2010813681883098,0.41468094724395765,1.2743148851891792,0.5066767919377568
249,0.20224659025550495,0.41554401262361934,1.2749874649914996,0.5069733902462197
250,0.20314685589844922,0.41561007340955336,1.2754728150960029,0.5073875861885128
251,0.2055042124100277,0.41906243156903833,1.2760331710089647,0.507585781889696
252,0.20552974935287782,0.42121619670252947,1.2771089794728092,0.5097231019905966
253,0.20657525396497234,0.4221867923228565,1.2781018825160664,0.5099313134020422
254,0.209709999779216,0.4236970638693261,1.278403317196974,0.5101186499748438
255,0.21039529048578534,0.42504846147790204,1.2784858584535053,0.5102145427295363
256,0.21064149279706001,0.42621185204368084,1.2805656542419979,0.510375113537094
257,0.212564497957781,0.42686834021714193,1.2835830168847366,0.5112533188774049
258,0.2142998719874174,0.42848937489124295,1.287718889098705,0.5112663014535885
259,0.21571251929997015,0.42855364750983205,1.2892999997361305,0.5117892452263099
260,0.21638945306534343,0.4288922340865691,1.308857000570529,0.5122166361500001
261,0.21906057186572572,0.43179764858444314,1.3097936540140722,0.5123565238926873
262,0.22191734316067555,0.4318160897631101,1.3135224561761571,0.5125935401995619
263,0.22504517866566798,0.4331458425739523,1.3148199539774599,0.5126884877332826
264,0.22555830535176585,0.4339662803128694,1.319535029853382,0.5129979819205276
265,0.22732154207467056,0.4361676105185963,1.319920669107445,0.5131657084954226
266,0.22934226366733806,0.4364451004189311,1.3202150379394912,0.5132475642102559
267,0.2302871979714593,0.43791191206787367,1.3204010504741894,0.5133696289069899
268,0.23148076215930735,0.4383724140783867,1.3250965876771756,0.5134495871643474
269,0.23431958975002043,0.43897941543308877,1.3298389764426122,0.5135911648044496
270,0.23468733175057518,0.44082470620661135,1.3326811763978321,0.5142301545546343
271,0.23695164018878806,0.44299803965844026,1.334926879555032,0.5143276246029231
272,0.24174020944675648,0.44499342864730873,1.3362867031068568,0.5144373499044592
273,0.24330146365664496,0.4458330149075052,1.340660096221323,0.5145247887240845
274,0.24354160368775501,0.4463944871655921,1.3428655042763804,0.5147331937933606
275,0.24555860824693973,0.44683548251363747,1.3447260830024719,0.5147503721630892
276,0.2455940785453486,0.4481839593581705,1.346522508475456,0.5155934529110986
277,0.24960141160882843,0.4489397873615759,1.3489706252520857,0.5165100713100367
278,0.2527261306479635,0.4494555987007255,1.3540907497803596,0.5166763563056096
279,0.25455996148622745,0.45000776471894754,1.356704714573308,0.5166985101040655
280,0.2578915856607749,0.4509623869321315,1.3650687839516955,0.5170189619599055
281,0.2581212453977002,0.4512274467417014,1.3651256337641207,0.5171085001025914
282,0.25857051150693505,0.4515740435008635,1.3659456782549815,0.5182839460342268
283,0.26069085716578416,0.45604668044486935,1.367337062039502,0.5186354485852356
284,0.2614326139874974,0.4568088293292252,1.374089435408986,0.5195111412003922
285,0.2621354437586438,0.4568758572176135,1.3744669031204213,0.5196122649293636
286,0.2708957593352485,0.4570753390601717,1.3777124934117575,0.5198757600919217
287,0.271261594165913,0.45733908305854826,1.3783955970342272,0.5202030818333885
288,0.2717364362480073,0.4577314742114684,1.3826479866671955,0.5204777071906846
289,0.27224620321085724,0.46185541225285404,1.3911469145604418,0.5209929248296776
290,0.2725857369658255,0.4619830288260026,1.3942501739403532,0.5213620308986744
291,0.27343349290657626,0.4629991755364985,1.3966900003943905,0.5213693481636242
292,0.27399199856704043,0.46429687119102286,1.3991730303368728,0.5215421135437699
293,0.27444175367567997,0.4657754175063504,1.399648865232042,0.5221179921336033
294,0.2747576172134542,0.4658758121931639,1.402019477337736,0.5221528217749363
295,0.2751198789975475,0.46601203752300546,1.4052429957422996,0.5227832730581092
296,0.2765110539365728,0.4669308322275649,1.4071673984611246,0.5227848005543784
297,0.2766370363309254,0.46768613066866055,1.4072427526284408,0.5228325478587769
298,0.2774720133759119,0.469003139758721,1.4096299513458956,0.5230398347890509
299,0.27819443047592396,0.4694135732384696,1.4145157447071903,0.5231565784692321
300,0.2787715928513702,0.47038679511068304,1.4202508901270052,0.5234191494910845
301,0.28281624693709395,0.4709353102753684,1.4239020085504346,0.523468924603586
302,0.28350348346758714,0.4715152968670866,1.4286134920754892,0.5251083012766983
303,0.28366115789478746,0.4732095075384974,1.4286819546288279,0.5257952865612907
304,0.28375648997584824,0.4734740311161462,1.4330865299483841,0.5260184737182695
305,0.28440696576917296,0.4738111401715837,1.4351492663163528,0.5270554082637124
306,0.287449809371291,0.4742124915827037,1.4392929963727572,0.5270869799610348
307,0.2884717064823835,0.4759132642210213,1.439826479517368,0.5273428317325115
308,0.28930823130290806,0.4765837286359522,1.4477109892480928,0.5273799143240679
309,0.2901823076952984,0.47760297914883265,1.4484894856336505,0.5289974252434184
310,0.29022147083165506,0.4783095638704535,1.450105732714067,0.529176601326426
311,0.29156230380086495,0.4783381320225865,1.454076451536245,0.5297751744324595
312,0.2915623790203706,0.4783469521249275,1.4570197194574364,0.5298028284876772
313,0.2984088784633717,0.4792657911525719,1.4588511354921405,0.5298042934287879
314,0.29897183333227245,0.4793430591311445,1.4600764689010728,0.5298335867718033
315,0.3006487280645832,0.4797904457986413,1.4615455055458435,0.5300191844957589
316,0.30136911519717646,0.4799590524798645,1.4633303433580194,0.5306676190398153
317,0.30581542040583404,0.481822601749739,1.4658429761785023,0.5311616179909124
318,0.3068013530629633,0.48200367331041083,1.4756949381961038,0.5313206974052945
319,0.3068552056447863,0.48207736469647,1.4776869790688485,0.5313731356710738
320,0.31119205165769437,0.4829771505615007,1.4797057901902018,0.5314292708320953
321,0.31141065762302717,0.4837091995944075,1.4870317498313086,0.5315895332595331
322,0.31302628171109137,0.48525558796368157,1.4897222917495805,0.531593715136429
323,0.31512869663405474,0.4888922069086802,1.4936553039720406,0.531768816412955
324,0.3155888266199486,0.48889358901286695,1.4980233389670954,0.5319162069240138
325,0.3170650676422597,0.4903030249611874,1.499908031068572,0.532875347334714
326,0.31922410491555553,0.4910128860190932,1.5,0.5331507827871581
327,0.32362258852451065,0.4911478340678673,1.502627323759173,0.5331778836897747
328,0.3238378250879518,0.49127797730625966,1.5027507883363658,0.5332376351349262
329,0.32568880480900636,0.4914442454891852,1.5038212760664929,0.5337014166590422
330,0.32806941982621857,0.49158875846954153,1.5094687267223548,0.5337459404222147
331,0.3312547934076523,0.49271281883939055,1.5149839229150526,0.5339260814519798
332,0.33209143980473105,0.4931022677465665,1.5250953521731037,0.5342907930146297
333,0.3322993869098974,0.49445434959647905,1.5291917101160948,0.5343019554231481
334,0.33330236005165137,0.4955326792090489,1.5317031692495346,0.5351688228483082
335,0.33857745380237203,0.49647639243578107,1.5321186586303663,0.5351973255133992
336,0.33912497351815174,0.49679607782065494,1.5338433176174342,0.5356170510410523
337,0.3396576085263544,0.49919219768255907,1.5351181448741582,0.5356396781285676
338,0.34295615489832415,0.5,1.538300183851534,0.5357242912656631
339,0.34334348846370166,0.5005405805288146,1.5479389095701006,0.5358915273679082
340,0.34347119675595666,0.5015668031312553,1.5482956461857882,0.5364256535584204
341,0.34378405365968445,0.501998283463349,1.5487635751552022,0.5367630464036472
342,0.34393561478469953,0.5023683881525196,1.5488160099455175,0.5368381657286486
343,0.34561831364099804,0.5047716847296392,1.5501655699183945,0.5373941544085432
344,0.3461176426513629,0.50719072627857,1.5506285587428037,0.5376106144799863
345,0.34811917665187775,0.5076826927948854,1.5512373336939247,0.5379226957734681
346,0.34855128600364116,0.5090847362861818,1.552408187836388,0.5381192991970354
347,0.3488371152941149,0.5099326680540055,1.553259532449113,0.5382613886117011
348,0.3491182144370236,0.5109292841294097,1.5535937299044669,0.5385961398835319
349,0.3502594020380282,0.5110883819694283,1.55476361148046,0.5386816090809436
350,0.3521077419187338,0.5119376983811084,1.555183284376957,0.5392562579854194
351,0.3546329372363341,0.5119583103643444,1.5563719724064118,0.5402922032639261
352,0.35498923875212796,0.5122135956775095,1.5569837605371197,0.5409064087956339
353,0.3552422167415395,0.5125275182876061,1.558055713969983,0.5413681575203947
354,0.3605771511240471,0.5128595776183148,1.5582815389161309,0.5418519632871428
355,0.36074045777292485,0.5154650635483672,1.5624810902349553,0.542327265970756
356,0.3607726290317955,0.5181149217443204,1.5707604348585575,0.542426142604969
357,0.36094264636412404,0.5185688641365328,1.5718735957450476,0.5424987964636805
358,0.3642450893251853,0.5196725467331417,1.572033391033171,0.5428283516250088
359,0.365052341752722,0.5207693886403767,1.5751217850557175,0.5429993042473606
360,0.36702831587323925,0.5230992367157089,1.5759100430788107,0.5435065047780527
361,0.3718228489494094,0.5232299179275504,1.577962662883671,0.543554780167343
362,0.3740261932305795,0.5243264185510714,1.5835608210550758,0.5435809178470788
363,0.3743781172346975,0.5253636003343979,1.5841985563576455,0.5440810790411101
364,0.3751973305718049,0.5259146176978315,1.5874352948967494,0.5440840716447007
365,0.37753979831171713,0.5259605850493996,1.5924409894429297,0.5444788919397867
366,0.3793031892944359,0.5260863035010599,1.5987395465702954,0.544954088614672
367,0.38010669808842107,0.5267830396925672,1.6005623139008902,0.5454680691494772
368,0.38091409277785565,0.5275167645621668,1.6008577610275045,0.5454781671322285
369,0.3813658020586438,0.5280921903773879,1.604331973094657,0.5455420697100223
370,0.38422616369221896,0.5281943339133788,1.6063115129202563,0.5457843808580025
371,0.3853554865595922,0.5295594749600679,1.6078966900410525,0.5464098464712323
372,0.38673517886707065,0.5308576538395322,1.6083119320186734,0.5464893889885106
373,0.389196977191451,0.5324498922727133,1.6115787901280028,0.546556745798793
374,0.3907555688139861,0.5324604118354334,1.6139949304091894,0.5468143630048599
375,0.39095523028988033,0.5327957524253453,1.6190028625017234,0.5468315208898155
376,0.39619566555715335,0.5349635676435778,1.6194090587851655,0.5470185138904835
377,0.39727801380967426,0.5353402505538501,1.6205371117396419,0.5470513631172771
378,0.3997945695284886,0.537695665127306,1.625883101794487,0.5471253613924542
379,0.4016611344894657,0.537963082955507,1.627874893098023,0.5472409721947525
380,0.4029693865635088,0.5382031485014234,1.6331067259889656,0.5477598593350983
381,0.40445885226917033,0.5418288927515742,1.6353044746891716,0.5481676487318131
382,0.40661319385312855,0.5435379313233563,1.6358124109214618,0.5483447535138809
383,0.40798320018576734,0.5440451426038411,1.6377085318071707,0.5485752348596777
384,0.4094041851462388,0.5452776312875887,1.6377805762691011,0.5489084019729868
385,0.42130644568789855,0.5479065622774836,1.6464230509055588,0.549005438110764
386,0.42443720623419223,0.5479928345274633,1.6519356648118069,0.5500499492368272
387,0.4248444492571262,0.5494068383787262,1.6520169466734167,0.5504124388996304
388,0.42585856642793884,0.5494301500549712,1.6539672240772423,0.5504738678326417
389,0.42695326006800216,0.5507117339061947,1.6566407151202027,0.5507384005067472
390,0.4270277580631234,0.5544832148633565,1.6584117859280423,0.5509762433949332
391,0.42707716862311274,0.556096271131751,1.6602147192646335,0.5512076988292135
392,0.4281625354650351,0.5582439325858118,1.663094233804037,0.5513970031461851
393,0.42927498457917235,0.5591002800342499,1.664605245610387,0.5514961180049872
394,0.4309516642002942,0.5607465691799715,1.6657091546067853,0.5518145485985922
395,0.4350047271800853,0.5610833330435259,1.667141552039085,0.5518876951808359
396,0.43557641771089095,0.5612326711976386,1.6695790474274872,0.5520372545427126
397,0.43700057848431517,0.5638398616644441,1.6705383808229848,0.5520713048981178
398,0.44143206166694926,0.5647700904047711,1.6724575866252571,0.5520832191560924
399,0.44159830779548287,0.5649329878239029,1.6751611562893323,0.5522142857412139
400,0.44481031289830036,0.565983782415039,1.6772266800132458,0.5523671613374912
401,0.4476061401492064,0.5683851737121741,1.6784390321545448,0.5523753573721013
402,0.44820837170106254,0.5690109911310436,1.6790912406869172,0.5525759955883287
403,0.4487830780474744,0.56942815711083,1.6793179989005937,0.5530444966460474
404,0.44965918537063043,0.5702792444886641,1.6799577316843335,0.553375734427047
405,0.44970927847609476,0.5709833038532263,1.6829684794591033,0.5536332927459178
406,0.4508906748611431,0.5732436149152498,1.6832318146436274,0.553778786306124
407,0.4517241948024323,0.5732620521832079,1.6844472029732946,0.553783571422514
408,0.4528888411790985,0.5745941131439282,1.685935246883528,0.5541599255479333
409,0.454616805655629,0.5747571809443874,1.687778859808628,0.5550757737327837
410,0.4604382126231401,0.5755074069617784,1.6883614796064006,0.5553754302753735
411,0.46136443494611146,0.5768825503798639,1.6906453312910303,0.5557683416616276
412,0.46729422320864905,0.5776666900577696,1.6910372480397455,0.5559346276381505
413,0.4695699078808643,0.5777260323784903,1.6928614013906786,0.556244354164026
414,0.47334750727746,0.5786633833774172,1.694311344569341,0.5564291767231758
415,0.47591369229550634,0.5793826454625812,1.694371642238832,0.5566727122825622
416,0.476912186453435,0.5794377012234646,1.6954617563311007,0.5566927911687571
417,0.48163279787379654,0.5795327794607542,1.7006989710827956,0.5568747456406637
418,0.4835473149614908,0.5796365814111191,1.7055642445418984,0.5575295898454342
419,0.48363619717694806,0.5797889499359353,1.7096532540091776,0.5576486635472471
420,0.48689787981054033,0.5798027637203629,1.7158277493039746,0.557783508685642
421,0.49116966856247335,0.5806426367612428,1.7166034057151998,0.5579268658434652
422,0.49122256254266117,0.5825925510234199,1.7198638273628815,0.55912446528217
423,0.49231193676082835,0.5859566995802137,1.720418328123028,0.559470296836284
424,0.4942470284173711,0.5862473266758218,1.7222175747822641,0.559829500902619
425,0.49460396908192034,0.5862497310617636,1.7224277969921187,0.5598890131880394
426,0.4955822332008382,0.5865077154114299,1.722647209652324,0.5601794928551166
427,0.497767281583371,0.5865257778587998,1.7245248023719273,0.5601938439322203
428,0.4979000796934277,0.58785344639453,1.7249739904791292,0.560843368779143
429,0.5003443076884575,0.5884147185931488,1.72872656690881,0.5609492205633435
430,0.5004282802626463,0.5887849331246158,1.732220942051393,0.5609660482219905
431,0.5093353034017254,0.5892457790764047,1.733209323305355,0.5616513131761757
432,0.5164522358382397,0.5892880715948444,1.7444052482725674,0.5616572429570592
433,0.5182188381816207,0.5894610751409208,1.7463795006412495,0.56264151912475
434,0.5200646282226538,0.5897480441448502,1.7476857482025887,0.5628292394964978
435,0.5206151198380594,0.58997303799716,1.7595839808902913,0.5633021249578908
436,0.5230039146901104,0.5901991101927762,1.7620135284226295,0.5634680095165338
437,0.5251418814073691,0.5919011082932393,1.7626403216731406,0.5636575894782183
438,0.5254237201619067,0.594516518096334,1.763749973998049,0.5640496157795548
439,0.5258015761160961,0.5946576300272892,1.7640546801943595,0.5641852669366556
440,0.5262546917826628,0.5977352677785821,1.7651043854510775,0.5647687869008984
441,0.5272397945297866,0.5989322542421265,1.7675374569912183,0.5649779343958736
442,0.5288878711600058,0.600030420964442,1.7706165854943028,0.5650581518657457
443,0.5308809293216428,0.6019256857404806,1.7709208802693548,0.5659156003674315
444,0.5329766927386388,0.6029651820181172,1.7727323063535099,0.566171451840463
445,0.533044311730563,0.6030155552950849,1.7736750536244776,0.5665511409660222
446,0.5330834574079091,0.6033317726952185,1.7757131481202564,0.5665584271502546
447,0.5336567052207547,0.6041494733849352,1.7763685084538188,0.5667656382669091
448,0.5337036744651202,0.6046283757215613,1.7780656448129886,0.5667917209980275
449,0.5341863668273568,0.6051757887083314,1.778082346987232,0.5683864408413654
450,0.5342562462049825,0.6054895965318583,1.780545171775001,0.5688083838299828
451,0.5350082875209352,0.6067994984535116,1.7888143385999058,0.5690889237603394
452,0.5350798640975652,0.6072429704730647,1.7893811759514995,0.5692551522865105
453,0.5368118653238931,0.6080827501758552,1.790289131875194,0.5694619369566203
454,0.5379585744963693,0.6085602066736862,1.790891557570006,0.5697202864268517
455,0.5437162386366895,0.6088811304472732,1.7926057524878762,0.5703677201711623
456,0.5455078675782163,0.6101277150928354,1.7931038686004854,0.5704122528363664
457,0.5478739551134841,0.6109833138489206,1.7958137788615387,0.5704866533512457
458,0.5479476467698912,0.6111362068924351,1.7969643766622778,0.5707705409476688
459,0.5498697261897254,0.6128626997700892,1.798500387386647,0.5707834197310253
460,0.551750806872347,0.6131725872330717,1.8027715933821793,0.5709139601104349
461,0.5542123275602536,0.6144018301135132,1.8043906452006633,0.570962452723878
462,0.5555285895814254,0.6144120981759442,1.805417650729597,0.5710043258216736
463,0.5608148148910874,0.6154853233486706,1.8097656199420642,0.571208939727999
464,0.5626067986230817,0.6167256331579708,1.8107842609342844,0.5714498062825842
465,0.5640986391686789,0.617364588925411,1.8122379483956736,0.5719120501156054
466,0.5674268081075446,0.6175632440828328,1.815393525392215,0.5723676229007023
467,0.5704151898328536,0.6182510621520634,1.8250311034476516,0.5724818203831087
468,0.5720065399003836,0.6184585776281735,1.8262823061999671,0.5730223540398809
469,0.5728891379989038,0.6194069425633937,1.8282122757514068,0.5733207455675223
470,0.5817329764390387,0.6215279105380396,1.828493777124692,0.5741604398463
471,0.5856200005378606,0.6223389725329218,1.829644912635648,0.5747172059518979
472,0.5902426425737894,0.6227386414324789,1.830964750588591,0.5747460810410205
473,0.5976045114584433,0.6230762103484793,1.831734896746458,0.5749935135538885
474,0.5987175602217859,0.6239481214894274,1.8319096455750077,0.5751755107024601
475,0.6097333420373907,0.6243151541978644,1.8322702761557486,0.5757208885214281
476,0.614169700735627,0.6247037725898296,1.8328453243242149,0.5767576825768708
477,0.6153465688653319,0.627361171122577,1.8333640702496052,0.5770463119551236
478,0.6166397327862884,0.6284805859266658,1.834945636304565,0.5770643061650673
479,0.620375265103196,0.6288929646842977,1.8381568275077602,0.5773038754862666
480,0.6207472095388786,0.629441489144278,1.8390597735114569,0.5774492975779014
481,0.6216590283353729,0.6296785562376084,1.8432457031310499,0.5774739655019386
482,0.623602835390854,0.6301720442005251,1.8439805603438313,0.5775682503760027
483,0.6278441095582185,0.6308993666647713,1.8455961350765668,0.5777675690885052
484,0.628343670673895,0.6309830774261369,1.8458030873618507,0.5777790431442202
485,0.6296328908491131,0.6317998473756492,1.84995418832293,0.5783506118083405
486,0.6298479664657031,0.6328676388632237,1.852745716664732,0.578594145348619
487,0.6337406105904647,0.6332649037507834,1.8538279538456703,0.5794138646340934
488,0.6350552060171253,0.6345501498890597,1.8560714231027882,0.57942153357324
489,0.6391885233409687,0.635584690293971,1.8571124870503968,0.5795977127785303
490,0.6421334999979935,0.6362081082974524,1.861095701837201,0.580004582566083
491,0.6426399858809113,0.6390038731764092,1.8622330307193693,0.5801198589914887
492,0.6435620604333752,0.6394312651324416,1.8654131213627654,0.5806794930597826
493,0.6482350987508461,0.6401331328179282,1.8664405247428286,0.5807976677542414
494,0.6499631366810784,0.6417931107399384,1.8670616332637193,0.5809976332680481
495,0.6531191994681808,0.642303710484788,1.869862815554784,0.58141093990083
496,0.653418998713676,0.6423703503958059,1.8712127555414346,0.5816884718768183
497,0.6537931851300113,0.6424685278535511,1.8715043976807388,0.581755956828529
498,0.6545281609014919,0.6437355192628185,1.8720947843643425,0.5820077218638586
499,0.6579006168336134,0.6446467637162765,1.874966260054524,0.5830046054617478
500,0.6596115253781141,0.6450722691535071,1.8750398695817152,0.5834234654504367
501,0.6664079310833493,0.6460073278041368,1.8781831942210152,0.5836455049057739
502,0.6699349509434688,0.6495640537592038,1.8783831626580187,0.5840174474862547
503,0.6700066434331036,0.649627367742076,1.8819907189723235,0.5842793646936854
504,0.6735175104307798,0.6499954544094299,1.8821015779059302,0.5846587180285017
505,0.6776544380365365,0.6500489627072343,1.8861219618838199,0.5846591190914026
506,0.679238528256654,0.6510716495604442,1.8896004226438143,0.5852101530093567
507,0.6821590178924735,0.6522748512462223,1.8983721768444934,0.5854099057881093
508,0.6842409446723482,0.6522817426075784,1.8995250400380483,0.5857993631660059
509,0.6891355772130349,0.6525387574357336,1.9007203980668943,0.5858089278146401
510,0.68951107319179,0.6535094992677793,1.9015289512139995,0.5858963884976698
511,0.6902145474237681,0.6545992371919844,1.9026487804831076,0.5861200237702837
512,0.690756889299651,0.6548349986605054,1.904128487871551,0.5862409176693196
513,0.6945765832917487,0.6560146774213593,1.9055843467542477,0.5863471954275972
514,0.6955259685547573,0.6571891313441643,1.9058175737279868,0.5871668452474601
515,0.6965986838486462,0.6574444423834509,1.9059470984729114,0.5873496053083404
516,0.6969483289649909,0.6581291745652957,1.907074569311519,0.5875110096491835
517,0.7018507223280429,0.6589857485128623,1.9083252758896392,0.5876185367164417
518,0.7064953087300637,0.6591017040284112,1.9113238484290964,0.5876463269728848
519,0.7066801001771057,0.6591054187122906,1.914334429112102,0.588070601820933
520,0.7071039464604346,0.6596441204659137,1.9147041908598108,0.5883135935252273
521,0.708958492155963,0.6609300221306504,1.9151975454881707,0.5885898099189694
522,0.7103687623718021,0.6625442858658476,1.9158627097267265,0.5890463328203729
523,0.7111983042528449,0.6647436041674248,1.9169122114768458,0.5892093240915822
524,0.7132764066503805,0.6659071016024316,1.9169868213625119,0.5898105120833744
525,0.713373372240743,0.6665243478899855,1.9211872685553155,0.5898707020896584
526,0.7146847392018326,0.6666771573357791,1.9216191998491319,0.5904601701443664
527,0.7182129657266175,0.6672441242557278,1.9239754233049142,0.5906534691343677
528,0.7189507698347855,0.66801379331285,1.924438465699655,0.5912573471126352
529,0.7225745034660016,0.6688792074434916,1.9262190462660498,0.5917735896087619
530,0.7268692937777274,0.6708380506660795,1.9265244045871792,0.5921405420160046
531,0.7298331489402767,0.6716934543925627,1.9271618647861812,0.5921619229576154
532,0.7315622532314765,0.6719540770346499,1.928004934657961,0.5924130750147785
533,0.7326529314499224,0.6722870886185173,1.9306536464198651,0.5925885793638416
534,0.7333346161082717,0.6730560790525791,1.9315802125093788,0.5926305157990042
535,0.735338977857962,0.6735301227399103,1.9341859928054832,0.5926595818939294
536,0.7432459685420962,0.6744638718349113,1.9353514594774703,0.5928287133539589
537,0.7433805196466994,0.6756403382663236,1.9358808770142235,0.5936118143980664
538,0.7437027040777593,0.6784252572081582,1.9362489337810358,0.5937504863958718
539,0.7479965217222867,0.678460058096459,1.9364125595876183,0.5938563213091236
540,0.7503954619926329,0.6792216479098798,1.9368193374195048,0.5940903427297
541,0.7506891947994067,0.679229079493665,1.938232582298786,0.594169994774697
542,0.7547388274533021,0.6802133712586589,1.9392801940379398,0.5944712335445123
543,0.7574921125551003,0.6803909855672925,1.9397016515943604,0.5947963113803245
544,0.7591692954575551,0.6815116647429171,1.9418587919291497,0.5949413499089028
545,0.7614148303714898,0.6815509702331403,1.9421972772213394,0.5951584593912016
546,0.7626131799684883,0.6818762947453405,1.9428791546153592,0.5952831056262049
547,0.765185913409954,0.6821507626525293,1.9443813396289185,0.5956257860489257
548,0.7656822951328109,0.6854232403650476,1.9464937802970788,0.5965543330146055
549,0.7675675204859103,0.687259451460938,1.9467935464476864,0.5967508989905004
550,0.7681843215771665,0.6875581071169534,1.9517423608647038,0.5968314736570769
551,0.7690919845282418,0.6878891505089774,1.9523961954412468,0.5970119051359418
552,0.7706932929456285,0.6885094372378746,1.9524868595823035,0.5972040803091139
553,0.774648555950997,0.6901872264810043,1.955568951181538,0.5974116237748981
554,0.7786515565733222,0.690393186951526,1.956302667677924,0.5974236468393346
555,0.7847523200006941,0.6926797011941672,1.9570570401155831,0.5978580833650162
556,0.7872837990836423,0.6931615111908657,1.9600978236100461,0.5978846702176368
557,0.7885120312186142,0.6941483090993756,1.9623391363914358,0.597961380497011
558,0.7901729149692002,0.6964439030474395,1.963873670318111,0.598083380742778
559,0.7914988188513398,0.6968592342021755,1.9665255553358285,0.5981745296404264
560,0.7915711565631646,0.6969600200164452,1.9673432182872752,0.5981859792332891
561,0.792265822092936,0.6969695305969965,1.9681007256160823,0.598243694088118
562,0.7932468897036183,0.6989619798876536,1.969766991662998,0.5983486234614682
563,0.7961898148457665,0.6989969777987739,1.9721923620285564,0.5984610841163353
564,0.7978926840705025,0.7002607786082067,1.973424531356804,0.5987817297049044
565,0.800126924000679,0.7011071044759983,1.9761933139584555,0.5990253033338168
566,0.803345938116887,0.7019595365020328,1.9762303833717516,0.5993607109040388
567,0.8058282842133939,0.702115231247419,1.9789215514843062,0.5994061179539857
568,0.8063415248542531,0.7031988020941133,1.9843128817867282,0.5994610711776841
569,0.8069778504187055,0.7038356488533833,1.9844624556040666,0.5995652723740199
570,0.8074224406331909,0.7042280791541972,1.9878607716810173,0.5996456718237946
571,0.8095934170688154,0.7068588309166124,1.9878762452121355,0.5998727213136669
572,0.8110205601653812,0.7069708990856433,1.9911444494368233,0.6002733837326323
573,0.8118967891067932,0.708290300322754,1.992511791630629,0.6003299418387681
574,0.8124241288341836,0.7097059456435654,1.9939416846975722,0.6004765516528203
575,0.8150070370804187,0.7103480836899564,1.9946975516118202,0.6007360416136699
576,0.817118762306863,0.7115871810641455,1.9958660372956016,0.6008362914316543
577,0.8196161112083196,0.7120317156715362,1.9969075876869915,0.6008901748726216
578,0.8221929074818506,0.7122295084674598,1.9986280147512685,0.6009852934763118
579,0.8226777485792317,0.7124171675381095,1.999799327694241,0.6013362509063015
580,0.8233455748726591,0.7127681899775917,2.0022450956914604,0.6016971019858813
581,0.8243282698498032,0.7135827656838628,2.00231565970332,0.6028207692598704
582,0.8266999289484038,0.714742749658846,2.0037067761343628,0.6035756733227047
583,0.8327110321781693,0.7153155811071463,2.0040131102185272,0.6038632254289588
584,0.8329167576287444,0.7154876916319417,2.005883433335509,0.6041716038272347
585,0.8386003725779447,0.7189817464322759,2.005934578572473,0.6042119441597436
586,0.8401018063703609,0.7192499077891943,2.0157275768527865,0.604365113743728
587,0.8525951409175131,0.7195325039930794,2.0173075889431304,0.6047916327053438
588,0.8550541431932525,0.720352904945651,2.020648784062324,0.6053034743455686
589,0.859415869448461,0.7221578223268783,2.0242999604380367,0.6054000001641145
590,0.8612332448311428,0.7234963941086536,2.025115559151599,0.6054568660188956
591,0.865003891689751,0.7235979789374709,2.0257362446996705,0.6054957300744103
592,0.8666160369858671,0.723679935563443,2.028727635649159,0.6058421576184841
593,0.8674662930344317,0.7244091806329249,2.0295815967951754,0.6060569317778818
594,0.8719159530135654,0.7280085753785899,2.034182637088611,0.606511153503782
595,0.8801228308370339,0.728028945991143,2.0391805220998624,0.60665221744799
596,0.880565883355678,0.7286919940173642,2.04362304649773,0.6067722674192749
597,0.8851358408989141,0.7296313732327323,2.0449392056104,0.6069237033515813
598,0.8903977858172388,0.7311175524907247,2.046677308618693,0.6071927829614927
599,0.8915610247718591,0.7337825836237017,2.0472302841367975,0.6078949768514301
600,0.8982031009921103,0.7342214010971385,2.0476909170174245,0.6082110237487828
601,0.9021538475444943,0.7358714365528669,2.048194663001481,0.6087800239669363
602,0.9025003380474022,0.7374552485510113,2.0518017057649587,0.6092436698646859
603,0.9066895588810135,0.7377665456476652,2.0525275416145856,0.6100141846227409
604,0.908701854817314,0.7380787560101916,2.053330400805232,0.6100146533270804
605,0.909085814054585,0.7395312736393967,2.0539813595629637,0.6104668781086068
606,0.9093497150128635,0.7403938184484002,2.0566496169092843,0.6105849833641251
607,0.9123564078116387,0.7410644167851302,2.06073785695738,0.6107833323341805
608,0.9123590336495404,0.7428500064826583,2.0628091841697613,0.6108465526349939
609,0.9132450379312507,0.7451018884468816,2.066889764242406,0.611965376590369
610,0.9239479432761113,0.7458640326986029,2.0678237092127985,0.6121017065610767
611,0.9390406879227691,0.7461049450850342,2.069207051317775,0.6122858067483314
612,0.9392254449521704,0.7466987432885603,2.0700954283413355,0.6125871954842707
613,0.9401163430926014,0.7470074162289315,2.073014744903468,0.6130807764618466
614,0.9478683514070538,0.7470100618985209,2.0735249388785078,0.6132252696270565
615,0.9494984981793291,0.7470445455032809,2.0749366018681235,0.6134571490855053
616,0.950263119399819,0.7470562861440959,2.0769919390575957,0.6138212509729546
617,0.9528303950206043,0.7471226414091361,2.0780325265474238,0.6139175945066152
618,0.9594379039820761,0.7482307850333326,2.0784142606767113,0.614643878205938
619,0.9618507152824599,0.7482346407354672,2.0806959508112097,0.6148519290845625
620,0.9698487643012075,0.7501958683278144,2.0807860455298313,0.6150946901384279
621,0.9720315346323098,0.7502529768527391,2.0816338270255095,0.615199470663333
622,0.9729434634960055,0.7524092617357884,2.081816352812475,0.6155449983853584
623,0.973669954884192,0.7545454081907252,2.0835663609435753,0.6162393394512482
624,0.9739696318297197,0.754777615787734,2.083853679480037,0.6175578459652967
625,0.9787128445651907,0.7548340883384614,2.084553828830545,0.6179040971122578
626,0.9820307051144745,0.7553560585364458,2.087009860645651,0.6183650709928508
627,0.9862168455281708,0.7555332916072179,2.0890023749285587,0.6187402914752217
628,0.9876128905222332,0.7561113320117311,2.089675557093408,0.6189716575621919
629,0.9931261241337859,0.7567827133355655,2.0908807780123753,0.61920778827866
630,0.9989389577564766,0.7572720550432207,2.0933590862527858,0.6192382688177143
631,0.9994070848328984,0.7574258024199869,2.0937210383761133,0.6192565275238672
632,1.0027305163189553,0.7584126616922995,2.0941297503341687,0.6192671222860222
633,1.004260287028739,0.7598785017614141,2.095743154267846,0.6195341391943548
634,1.0102493463245887,0.7622594819426003,2.0993294311064714,0.6200257740848047
635,1.0108977006429858,0.7627106211298617,2.1013069412425254,0.6201748577219323
636,1.0139245688646414,0.7627555753861507,2.1043455341142905,0.6201963377144776
637,1.013950140143066,0.7641650088147894,2.1102256628485896,0.6203018790459237
638,1.0252457932063277,0.7641859157770647,2.1114505343883834,0.620410671915874
639,1.0289203439382704,0.764910150110198,2.1124770635734706,0.6205120377426837
640,1.029752470856896,0.7652776931565353,2.112594813038727,0.6205241796366209
641,1.0315773194995477,0.7658180107759899,2.113950896800707,0.6209337149638894
642,1.0407639743600443,0.7671315164513662,2.115695624980745,0.6211545321159967
643,1.064727009938235,0.768108462977582,2.1163800053727275,0.6212742175236414
644,1.0665719399876417,0.7688965418663772,2.1163867537233982,0.621315335977966
645,1.069782696719758,0.7696786709631469,2.1164410231903164,0.6213384090985855
646,1.0724414815797212,0.7697288163902904,2.121542770424865,0.6215520573179245
647,1.0732251100335906,0.769788862818471,2.1234048511902763,0.6215689836392482
648,1.0738661150387483,0.7701912197637708,2.1276164977672427,0.6216617120782443
649,1.0797727083743438,0.770665381052424,2.133247199288961,0.6223988309781917
650,1.0803486992674562,0.7726349165757073,2.134510400591556,0.6225885136036007
651,1.0812023002454896,0.7746222233829065,2.135583445640348,0.6228022002044324
652,1.0864568178468095,0.7758816582397631,2.136596054107563,0.6229152656873465
653,1.087420706640024,0.7762331148619637,2.1370061917487306,0.623064685178386
654,1.0912022555350116,0.7768519141535173,2.1384390157712434,0.6234232599766295
655,1.0935444938553198,0.7775306331381966,2.1393544265344993,0.6234390183361689
656,1.0967337868216258,0.7776682369714758,2.139774958551912,0.6235242441019597
657,1.096752160635149,0.7783714056651783,2.1417550175826205,0.6237384841540976
658,1.1085320269136911,0.7786686123332704,2.142477189291685,0.6237592413781295
659,1.108916028633339,0.7790349102674209,2.142637763316596,0.6240085385465937
660,1.1093523084001267,0.7802452262086462,2.145097685612511,0.6243064470829524
661,1.110786353979392,0.7817924183794878,2.146498672310784,0.6246596327498072
662,1.1133057104877113,0.7821183929193263,2.1489458927054144,0.6247778890915798
663,1.1156875130858352,0.7823459205617884,2.14947063348636,0.6250380520338216
664,1.116534798195226,0.7831206780382894,2.1502200509100957,0.6252475351640272
665,1.1209896673148194,0.7834133425362263,2.150961315664921,0.6255919590353662
666,1.1250291399901093,0.7836430671982264,2.1517345644064565,0.6263031871259976
667,1.1257242523095505,0.7838800915387968,2.1526766549436465,0.6263865991946489
668,1.1317657708587967,0.7846570138324377,2.154348156048006,0.6269027515249997
669,1.1318242429495593,0.7847219523346246,2.159024138674968,0.6271625873417539
670,1.132761813222697,0.7847418883464508,2.1660854985679205,0.6278548980396178
671,1.1344190008305122,0.7852340724269771,2.1728024887823705,0.6282687870088
672,1.1362863861991719,0.785668349637231,2.1739256485751612,0.6287877691326202
673,1.1364267253425764,0.7865831545340715,2.181067323832841,0.6290260433623374
674,1.1408811980989504,0.78683639482335,2.181146990227362,0.6290993413478962
675,1.1440201820139255,0.7873646621187885,2.1832223376094357,0.6294930133125967
676,1.1474897903271797,0.7875251326187173,2.1835744353233384,0.6300541090769685
677,1.147893817973851,0.787567591034528,2.184453996739555,0.6300800089741578
678,1.1496733159597314,0.7883926897625955,2.1877088551665924,0.630279467567176
679,1.1533020821124504,0.7899981925023158,2.1977800101058795,0.6302801119782426
680,1.1600661377104018,0.7904200974895743,2.2060079347805153,0.6304877532548381
681,1.1655325713888716,0.7910195071947399,2.207163720410745,0.6305602163142137
682,1.1668931414877615,0.794240876109174,2.209146652327113,0.6307309646042603
683,1.1687275955628056,0.7946305127339911,2.2109960122802366,0.6315839356020683
684,1.176201587818802,0.7947484957531901,2.214552458589863,0.631588984781925
685,1.1867276367112711,0.7961303919892155,2.2153755841032203,0.631595543314214
686,1.1873168580192381,0.797840926550329,2.217525312524617,0.6316045298413578
687,1.1931555980981103,0.7980671610412474,2.2178531266803905,0.6324015804170996
688,1.195721649100327,0.7987073604288115,2.2187099642298813,0.6324734084973471
689,1.1966704244129598,0.7988875928252649,2.2200903308990596,0.6325519382192393
690,1.1972695239944688,0.7989052380594074,2.221981979333517,0.6325970340457928
691,1.2,0.7991881520665528,2.2278531396394956,0.6326878402312921
692,1.207818465944602,0.8002987338679565,2.228913740870498,0.6331316089322431
693,1.2082739652292207,0.8017735019539936,2.2319548532025077,0.6334116422591842
694,1.2099928344584243,0.8029450784204203,2.23281084902992,0.6335670077126698
695,1.2174779070950785,0.8047527139937207,2.233260594201144,0.633920772729127
696,1.223951229846819,0.8057200840350849,2.234517588380262,0.6339396213932729
697,1.235376182599778,0.8076228974335828,2.2370238299226908,0.6341681164952837
698,1.2356237919491782,0.8076873447028066,2.2379574044109356,0.6344640165546442
699,1.2370183687872724,0.8094395892405579,2.238028108594443,0.635137687970253
700,1.2393377247058839,0.809458537988536,2.2486374438519823,0.6351733093401076
701,1.2435793837789326,0.8103308665686265,2.2499570715629185,0.6352700071510244
702,1.2471991965094373,0.8109449175817571,2.2539413226602236,0.6353573378222288
703,1.2478915026471522,0.812813462105646,2.2572873507382525,0.6355668058097578
704,1.2492714797575435,0.8165578529455011,2.2577243484363456,0.6360561288486015
705,1.2495580462167664,0.8173462239749415,2.2586194855500734,0.6360572900832892
706,1.2516721078133612,0.8182540308156429,2.259748775185528,0.6361833006098444
707,1.2612345944340366,0.8192717624716849,2.259803290543436,0.6362691080183981
708,1.2616462437841758,0.8198467290561444,2.262498283781484,0.6367374997933459
709,1.26473531047281,0.8200770153703879,2.2659400121916566,0.6368560618757618
710,1.2666669351686726,0.8209759933778251,2.27029133738644,0.6377102049448586
711,1.2689390029791017,0.8218811987046948,2.271006478014401,0.6377798415998635
712,1.270007875357458,0.82269676111932,2.2729626796332445,0.6378329888971894
713,1.2753495473853378,0.8243659258071832,2.273757568666623,0.6378840343316106
714,1.2760873557444552,0.8245057856507272,2.2752552912977073,0.6379481149514686
715,1.284951238774935,0.8256646071144522,2.27558677019007,0.6383193440028927
716,1.2907725752892216,0.8256760492600804,2.2756455848387054,0.6389771857170222
717,1.2943842283187301,0.826630051913068,2.276600234668284,0.6392147135106987
718,1.2994479778710222,0.8273822786377913,2.279558819171273,0.6397871882770821
719,1.3040593538771033,0.8276437305314901,2.2801800913886665,0.6399781104241123
720,1.313263840090611,0.8286311045126644,2.2809880624158048,0.6400321399389437
721,1.3211133659272098,0.8288762838175218,2.2817366578497724,0.6400853985688905
722,1.3214943682296894,0.8297633943893641,2.2818106319689173,0.6407964699015648
723,1.3258959377128883,0.8301231386120074,2.283037196628853,0.6412933613750125
724,1.3266911835436035,0.8317534941481121,2.2836855816292063,0.6416497954098901
725,1.3283209377555383,0.8319299673924772,2.288732951286852,0.6420106009348198
726,1.3364757186319363,0.8336591065570962,2.2894878833418493,0.642454750472207
727,1.3414147568916828,0.8337281058020471,2.2954215977112873,0.6425205712704756
728,1.3478577684714321,0.8338109450001067,2.2974003693549028,0.6433638742502088
729,1.3478748419236735,0.8355644592215212,2.2992438180007126,0.6434244167255148
730,1.3507125787059466,0.8388623002002813,2.299793319151838,0.6434385482857029
731,1.3528636864403678,0.8394167855457254,2.2999056238177666,0.6438609316549206
732,1.3577963980161527,0.8407887184072844,2.302730819888008,0.6439703060021484
733,1.3653157212235745,0.841394142483033,2.3030715385867495,0.6442386820047371
734,1.3673981226942833,0.8417725682168332,2.3030861457285634,0.6442858566362637
735,1.3708638220666434,0.8435664984018945,2.3088740129833116,0.64447050362878
736,1.3755130240000586,0.8443672866751005,2.3091055833783467,0.6457680245549671
737,1.3779466017815452,0.8457035498929735,2.3096961810071566,0.6459051243586842
738,1.3826240828591687,0.8464412441787955,2.3131411057199327,0.645964084759918
739,1.3851881895024465,0.8492494445454765,2.3141265509960594,0.6464488760511947
740,1.3939976715483031,0.8509821258262249,2.3148387657049456,0.6474527104798657
741,1.3997311741473142,0.8510943973983215,2.3187583207816616,0.6474602968555337
742,1.4023480121570717,0.8519115357618448,2.321563163357042,0.6476700326569466
743,1.4116633604098272,0.85252565868716,2.3241551244364613,0.6481397817533118
744,1.4165814937975882,0.8537187050826492,2.3242994416294422,0.6482932695942492
745,1.4174137112087832,0.8570603282681722,2.325629495145279,0.6493980465187279
746,1.4217279796948517,0.8606530727326208,2.326733257778513,0.6497132394727947
747,1.4229666618931103,0.862132800739949,2.329948408450294,0.6497246178981155
748,1.435360678022856,0.862381840522771,2.330702800137097,0.6503026713645582
749,1.4374381665670422,0.8650867369427654,2.3332779891910835,0.6506515041710156
750,1.4404305176660517,0.8656064675909884,2.33492825568297,0.6514665009130608
751,1.4423609985600676,0.8666067380137528,2.336049509062999,0.6517676636355052
752,1.4434961204817853,0.8671302034724827,2.341439755483901,0.651862147547169
753,1.4491196595896532,0.8679441046714513,2.3475156580342618,0.6518704594132403
754,1.4630085801165094,0.8694357900610786,2.349095021773469,0.6522689429570724
755,1.4682524216620072,0.8700247664707024,2.35023516596089,0.6525621071178944
756,1.4727972883857006,0.8711022873975278,2.3519221536917123,0.6528223421427175
757,1.494599639269737,0.8712836346279851,2.3528635784519656,0.6528515231240761
758,1.5034853867697642,0.8734031855802483,2.353243851910201,0.6530438874803306
759,1.5133949006183447,0.8758296752695647,2.3546022458983358,0.65362540010106
760,1.5223360606585734,0.877089694041767,2.3596921387604715,0.6541609663950843
761,1.530163094342532,0.8775125769009164,2.3598905788477538,0.6547124375217938
762,1.5406217482328122,0.8778114694438774,2.3605665275748944,0.6549127781876487
763,1.544260776945427,0.8802712507739915,2.3629072706019945,0.6549524766859969
764,1.5484289354628746,0.882029731901209,2.363789096087263,0.6552881519940144
765,1.550249902345298,0.8822774703261833,2.364063398770534,0.6554833163592217
766,1.5571018479519028,0.8826043204470495,2.3642007552622712,0.655510354507432
767,1.5674766836592324,0.8834045689390548,2.3654141429246716,0.6556217140590472
768,1.5702785084246194,0.883708629139279,2.3666863103931126,0.6557476838367706
769,1.5711148520471223,0.884152336213095,2.3667735971510924,0.6557975932429495
770,1.5720169621371225,0.8850619386443683,2.3695848308021827,0.6564174288944559
771,1.5769818803689715,0.8850707373528981,2.374129665982468,0.6564870770375753
772,1.5832845027560363,0.8863583208844359,2.3779827310371435,0.6564905686228427
773,1.5870251621271152,0.8865933799297074,2.3786535505547977,0.6567175235679882
774,1.5871574233730668,0.887061648052144,2.3801029092190236,0.6567579595444658
775,1.5909393089381152,0.887116872423777,2.383217742797702,0.6575945576563842
776,1.5923919042017114,0.8877887942879403,2.384504180438727,0.6577242300916888
777,1.5988609816695867,0.88964842441598,2.389808168612119,0.6584754939610459
778,1.6048682111572754,0.8903667022791564,2.3918430045712062,0.6586795058770288
779,1.6089981146028347,0.8912173801030614,2.3924116400377473,0.6587880081211197
780,1.6121052735950478,0.8930056267061912,2.393627962119384,0.6592603587494461
781,1.6223908491513042,0.8954558670843615,2.3940211416441057,0.659263912856456
782,1.6270551825374917,0.8956275539405429,2.3963418461377652,0.6593217384719706
783,1.6313776386136183,0.902872100328422,2.4008719166440606,0.6608460181471131
784,1.632980925693514,0.90307377890315,2.4022187739952128,0.6612956557371712
785,1.6345184266502866,0.9044816446900608,2.4033838437520965,0.661666793069131
786,1.6356237345249611,0.9051509623238715,2.403539196716207,0.6619318264743638
787,1.6360108007243426,0.9078121297134787,2.403662554236575,0.6627235521415593
788,1.6440563940554322,0.9080610678204284,2.403744887600609,0.6633023516460725
789,1.6467165081789377,0.9083542141017348,2.403870355615047,0.6643077682305004
790,1.648725611846801,0.9099395066782615,2.405121282883439,0.6645996470633608
791,1.6664593171068378,0.9100900903026488,2.405417552888621,0.6649523076771253
792,1.670961663761746,0.9137950092049609,2.407487254622165,0.6650076460648582
793,1.6725169853125867,0.9145436746295954,2.4095565018045244,0.6654430337363795
794,1.6732227417417622,0.9162769321385054,2.4123016468709233,0.6660522221469614
795,1.680004336616056,0.9168946594397006,2.413095881445941,0.6667671395908746
796,1.6812778409825297,0.9211509605125316,2.415414449749572,0.6672749910890786
797,1.699155479744539,0.9217462047470029,2.416196491801366,0.6674397420689652
798,1.6997290874209565,0.9225175711332475,2.4185269804209084,0.6675182661365389
799,1.701747315931017,0.9249077149177649,2.4196753779665063,0.6676525387959995
800,1.7114506729247125,0.9272304268026332,2.426480786184839,0.6690359932867844
801,1.7189348750998772,0.9290458402346984,2.4286928148907423,0.6692051641121666
802,1.7193096598929996,0.9299819553671205,2.4295311349803312,0.6695591061200272
803,1.7223941608565427,0.9303421141420493,2.4296191678004098,0.6711157851175016
804,1.7270702602646528,0.9333877553727061,2.4303538750043217,0.6727736099772317
805,1.7275301053603216,0.9376414017658824,2.4324713460265484,0.6734024946664132
806,1.7277732494423335,0.938988337655479,2.432677089710901,0.6743350292582226
807,1.7361207502039055,0.941398676906971,2.4330753587650906,0.6754217041942618
808,1.7361862244963364,0.9418793915868324,2.434564685087173,0.6759249037210934
809,1.746513591411127,0.9429594122853409,2.436887480727871,0.6763599156382013
810,1.759739860069514,0.9430086918870311,2.440330294214315,0.6767369971588107
811,1.7611751067541785,0.9451564021555464,2.442990591142097,0.6768222344032934
812,1.7676270828741634,0.9476613963635138,2.447500398311926,0.6775755345608938
813,1.7699963410642863,0.9489922567394274,2.4561782042962665,0.677590440174419
814,1.7759176546012838,0.9508642521507406,2.4589075266702514,0.6780338975388263
815,1.7784571293047828,0.9509377343224954,2.4629161770370565,0.6787059646423195
816,1.780802330420607,0.9510170692341311,2.4674359240131483,0.6787363680250418
817,1.7874323478109344,0.9524642395007282,2.4710885497231967,0.6787823952401341
818,1.795808772956406,0.9532321089087413,2.4739232852414283,0.6790901433253672
819,1.7990220895905806,0.9546282907979362,2.4749743935639184,0.6791154571272457
820,1.8055992281703994,0.9555127397082601,2.4843812598513875,0.6791741268302567
821,1.8068395504166752,0.9564963420677306,2.4855141132253333,0.6800638224052284
822,1.824103884243284,0.9568914240758754,2.487632574915288,0.680810436478246
823,1.8247078574879283,0.9592527586732352,2.4893840303550183,0.680971573780212
824,1.8262893164221357,0.9605922480282474,2.491412911939852,0.681623121419668
825,1.8449375117892406,0.9609558778001416,2.4915320892218515,0.6816710444407962
826,1.8469615744894683,0.9612526740769425,2.4947961673456773,0.6822266048988832
827,1.8500773479330692,0.9630371479246036,2.497930773180864,0.6823703195904087
828,1.8662472389223559,0.9655617205916349,2.4991920094780564,0.6828364375547367
829,1.8997033144342417,0.9667646426216424,2.501778339406101,0.6831460294642421
830,1.9109392477989489,0.9683103924454425,2.50352266216489,0.6843663301389031
831,1.9110647649578674,0.9712030371881326,2.505674626052908,0.6846972643313021
832,1.918294433363431,0.971237538054252,2.5110555919845168,0.684902646945946
833,1.9287708751166717,0.971914062983662,2.514692052750766,0.6850642242113097
834,1.929329606049632,0.9726195953657827,2.5186212481613564,0.6851890555013189
835,1.9348884920319,0.9775836971543808,2.5203860164478424,0.6855038313075826
836,1.936571767059562,0.9825390760002908,2.522951874485212,0.6858859376251953
837,1.9384923220456711,0.9838866806899754,2.525754086794711,0.6860247100226766
838,1.9386222958692527,0.9867263037553304,2.531381728485417,0.686254999731181
839,1.952788630869,0.9879505326731339,2.5313902457651194,0.686544965060591
840,1.9541745707175906,0.9933975190388403,2.535220055452502,0.687016869966383
841,1.9582090881903702,0.9940903729007843,2.53564119135822,0.68714527484709
842,1.9645538449084252,0.9945453159918519,2.536076113870745,0.6884161537186191
843,1.9679559061283618,0.9956132210569393,2.5363809051907324,0.6890117779233275
844,1.9916973748020683,0.9966553166989544,2.5438097937247646,0.6896351510345371
845,1.995058215075007,0.998413961233799,2.553653680020883,0.6904625086914834
846,1.99643034413507,0.9987363760976282,2.5551490878453365,0.6912085658570684
847,2.010743077818613,0.9997743232214268,2.5560381753391113,0.6914960060111197
848,2.0137426833056247,1.0007716355146066,2.559916304148229,0.6919073714231969
849,2.0212432663243645,1.0012010786479326,2.568251813999361,0.6938594108623686
850,2.0266690032849426,1.0019699049595476,2.5709626489962356,0.6943178117037387
851,2.0275765193240987,1.0021756232159575,2.5712064779064576,0.6945143798007042
852,2.0327512993983765,1.002670199966238,2.571938068626549,0.6949081089393176
853,2.0440099470942252,1.00511566051371,2.577466097389564,0.6952404062114502
854,2.045961900205227,1.009158459009731,2.5785283726679915,0.6953753901056783
855,2.0673775002066135,1.0110167366325418,2.5838506805732266,0.6962770213122882
856,2.073605335588387,1.0112659343403756,2.5862344453776123,0.6963229017693141
857,2.086803458758632,1.0113583493013623,2.5873377580265897,0.6970454255388127
858,2.088561606630134,1.0135677520553354,2.5886792849932707,0.697068376553861
859,2.0943016787099733,1.01482314402678,2.594749426330708,0.6973748359691365
860,2.098309416226929,1.0152149580853527,2.6028934527805907,0.6981215213123435
861,2.1012724216691474,1.0164221898564532,2.6039182262759013,0.6985503174124702
862,2.1140025450766347,1.0224057852224209,2.6064662390495945,0.6999747957413819
863,2.121045183109911,1.0226293092388448,2.608169895201863,0.7001324294653698
864,2.1299566959120124,1.023986120072496,2.609280871879398,0.7005412756694982
865,2.1299653386041184,1.0240877636858987,2.611797957680092,0.7012571750478653
866,2.143428117894926,1.025396965068372,2.6126064918922856,0.702061572328232
867,2.1455983844038005,1.0261487556756308,2.613501390739568,0.7023185436336938
868,2.146232360003592,1.0268788892129113,2.618588505225338,0.7023466751930463
869,2.1509539170856296,1.0273036945490779,2.6186094615937585,0.7027723849887149
870,2.153930353860814,1.0288389746314732,2.6231479920326195,0.7045185064537831
871,2.166317227859025,1.0299468352863779,2.6237324297033373,0.7046709330662916
872,2.170956956536924,1.030138832813481,2.6266678340577463,0.7052463535165802
873,2.1756311855944417,1.0311746994294875,2.6279399446821676,0.7052524299796843
874,2.1836110042194523,1.0316598664885048,2.6320505630654485,0.7057863184914809
875,2.1852321295556316,1.0324532422510488,2.6330851489579463,0.7059539008586881
876,2.188337856483468,1.0347913065404908,2.634610699888251,0.7071927866080095
877,2.1892007501738777,1.0412879269388,2.63949241334875,0.7074056770110981
878,2.1899354086551774,1.0448877345937455,2.6446316392622164,0.7075099807415172
879,2.194511368624637,1.0461550116691178,2.650194617849728,0.7075327002150783
880,2.1948111229793144,1.0472137199208866,2.651555285174679,0.7078884886776261
881,2.1972958328966024,1.0486134715190878,2.656417645209443,0.7081527503800529
882,2.1974267845234707,1.0491843830367522,2.66044068030145,0.7082470377035858
883,2.2107087713674254,1.0560978978843496,2.661423828581791,0.7084372901078795
884,2.218509674107766,1.0616458919499894,2.661622311316491,0.7088183368332935
885,2.233836425591491,1.0657952607224122,2.6717393423348277,0.7099135536328615
886,2.2432025592117735,1.0695745982891653,2.672981252560077,0.7101086492065248
887,2.2516688740147055,1.0732542659257789,2.700151373347443,0.7107349329050398
888,2.2565752409163466,1.0778683350962865,2.7026118632867964,0.712815417106768
889,2.257349755157289,1.079381421066023,2.7065132711094275,0.7129786566423472
890,2.2602958300114806,1.0795245916513383,2.7125575375259507,0.7131479872049922
891,2.2726731355342844,1.080252545152659,2.7204055312234314,0.7152351214726889
892,2.2775598682618963,1.082751631687775,2.7215856791074904,0.7160634222163819
893,2.2831290236487582,1.0855345099038434,2.7285319503354706,0.7168966490592742
894,2.2958973895078967,1.0872378987781555,2.7310716969773,0.717470563346284
895,2.303904868548977,1.0890458636748803,2.7353495759833484,0.7181627062505538
896,2.3141288528415656,1.0906466081270398,2.7354821386231354,0.7184361118951847
897,2.31607879883699,1.0930504460166384,2.739196731565562,0.7185434012257947
898,2.326631366461552,1.0941837706543533,2.755727168406715,0.7204817395367868
899,2.3287911187859436,1.1034851300787776,2.7570792099478534,0.7207716590469965
900,2.329904771836269,1.1066346299421304,2.757565739114039,0.7211167533581596
901,2.331156221847621,1.106723085316418,2.7625743459905197,0.7212958109565203
902,2.3384206426050906,1.1095221420779688,2.766065474756649,0.7216646463506684
903,2.3492621428742098,1.1115583461671883,2.7694912550620394,0.7236653469454445
904,2.3536322017465015,1.120369730545879,2.772074006537885,0.7238832823474928
905,2.357533273998686,1.1248447765530714,2.7743957534041344,0.7244887920494552
906,2.3666635099277458,1.1273680212795159,2.7752657940356187,0.7247104132233604
907,2.3692801729125903,1.1301699583390827,2.775723767811793,0.7258476471116263
908,2.373596352640193,1.132338409095671,2.7774567732471684,0.7258899416702893
909,2.3782747869572356,1.1346646078065161,2.7790237573583836,0.7264124664151758
910,2.379698162368647,1.1348700580982,2.779629780781852,0.7265455931963651
911,2.3868209418379474,1.1354939419863443,2.7861008979956763,0.7270083810054037
912,2.415118189977225,1.1357586349147686,2.7901071109673956,0.7292952759119427
913,2.416154705906316,1.1362986782529994,2.7913217172127265,0.7297246003445069
914,2.4443817972494624,1.1374755509104393,2.794202827397173,0.7298046076750488
915,2.452742621642416,1.140286037771457,2.8013033351296985,0.7298632679983116
916,2.4695152411504577,1.1425346460101449,2.8033082428203944,0.7304176776236848
917,2.4716420886858548,1.1466691726555223,2.807456811331039,0.7313355571363738
918,2.4739126969007232,1.147040856926428,2.8154782236608007,0.7316322938765984
919,2.4748841389560052,1.1514949450609908,2.8223835944094,0.7320270682209977
920,2.4771855029638443,1.1580045482890524,2.8294940286189285,0.7333200111410444
921,2.4835871463102777,1.158526092775023,2.8299716054921116,0.7341326583298798
922,2.4894473513435327,1.159961482464262,2.8317014804913794,0.7342973623735094
923,2.4915484252538245,1.1607175099187566,2.8321456385837327,0.7373860512263606
924,2.495935036562889,1.1620376486599304,2.839809718214612,0.7381001338342781
925,2.4962200197735136,1.166424296237111,2.84308008527963,0.7383173977143841
926,2.5009456813510087,1.1686686201113319,2.8470613307871453,0.7386910127809136
927,2.5114324610467573,1.1693194359856314,2.8555023368179473,0.7411466541433827
928,2.5219404744969616,1.1704988627070312,2.8565110048802547,0.7434679312340824
929,2.5258897829517526,1.1729856924017523,2.858276664709847,0.7444794714432241
930,2.530603918472507,1.1737647970807756,2.863798998516314,0.7449937575357503
931,2.5376942930721325,1.1742095029431439,2.865763239844809,0.7460450771385493
932,2.556710887342925,1.174348439112463,2.865811693121909,0.7461088215717793
933,2.5742237309295533,1.1848219690697714,2.866065223659633,0.7468035652607149
934,2.5830651763346673,1.1966841538847504,2.8685936477222116,0.7482387449401823
935,2.601169907529102,1.1970010691380493,2.8696842958411377,0.7486354368863666
936,2.6095198531644592,1.1975789390231157,2.870096177027036,0.7486592349308481
937,2.6098147698039664,1.1989058084935968,2.8734655994833824,0.749489576587275
938,2.6219932726946036,1.2007483983685479,2.8738449253531355,0.7502857864257333
939,2.6309179000980585,1.2020415270683924,2.8741289269555224,0.7513258842673349
940,2.640338765714323,1.2064795357974667,2.8765129856023752,0.7524742429479433
941,2.650943557654856,1.2112401411702252,2.8838763075933507,0.7545209162473032
942,2.659444511185019,1.2124653242977717,2.8885701561431505,0.7546702873293194
943,2.700623979076888,1.212993024299918,2.904728089638886,0.7546980516557945
944,2.707950778833144,1.2159156677915681,2.9105275443356593,0.7551464276118959
945,2.7293294592115216,1.2170712246443924,2.913883281720907,0.7552296670240364
946,2.7367340029160196,1.217230471563851,2.9223530072407087,0.7569214362617072
947,2.743126983270267,1.21735596675278,2.9370756817264323,0.7590609076885124
948,2.7540142382205657,1.2191762143431077,2.9394260523357625,0.7596382813150185
949,2.7559972775674293,1.2210293029833155,2.942519767734321,0.7631173838266508
950,2.7955702586563422,1.2211181745224056,2.945515013693128,0.7652659784692899
951,2.802708444737144,1.2224446158263123,2.9469021162843108,0.7658425820870862
952,2.832205809486269,1.227769321808207,2.9475936363807875,0.7668843227789741
953,2.845217859010543,1.2288222636035755,2.9502068490453808,0.7676852327961384
954,2.877730896166627,1.2372880069732766,2.9523810581930108,0.7717886915164405
955,2.886066904685119,1.238079387635989,2.9646302153487727,0.7719941609731311
956,2.929592287304028,1.2405386821381097,2.984828927582794,0.7770028090322408
957,2.939544455320906,1.2463097168981219,2.9894050415354294,0.7797784032868438
958,2.9570857032248625,1.254381879432637,3.0014001374168924,0.7806343169370253
959,2.9635842186017367,1.25622039927799,3.002647646829886,0.781301059952357
960,2.9643700124298284,1.2564483637574555,3.016341595717426,0.7828613296466922
961,2.9710854850746147,1.2627932697632853,3.0295742901493683,0.7829239150893511
962,2.9764107955778627,1.2638082762343883,3.031944878526007,0.7843911342058736
963,2.989832923928614,1.2774880036239962,3.0512391761666544,0.7844955917093631
964,2.9994931929633726,1.286176120590433,3.066957007043369,0.7853218833097608
965,3.0260777514484465,1.2877885999713945,3.080833640156563,0.7869646683470366
966,3.0482588582593104,1.291145806753965,3.0820696466087982,0.7901868570248994
967,3.0884910837889175,1.2990038980153011,3.098966395448304,0.7907390144070925
968,3.1142681163111767,1.299641916730189,3.1040687738963415,0.7928341256679456
969,3.119343597899861,1.3004523779158532,3.131623430520824,0.7935518664510104
970,3.124699561187059,1.3096020301916687,3.1326096816086655,0.79383676009705
971,3.1257949580339797,1.3103265814241376,3.1344890509126957,0.794041280150788
972,3.127918004759147,1.312306137452297,3.13847961703059,0.7972429283272104
973,3.132243105671999,1.3146655526701565,3.1386999049580298,0.7992049309878663
974,3.149109819103855,1.3160912340502797,3.150374053514164,0.7995667610006107
975,3.1662346145521614,1.325087885323938,3.157592059501157,0.7999884648439325
976,3.1777849768277804,1.342074214953412,3.1600172904596464,0.8158089939041958
977,3.1886917367452283,1.3510406608944039,3.200804253509433,0.8162495689115992
978,3.1913092074733678,1.3511909536490925,3.2262629398021367,0.8195971139960709
979,3.210081575214946,1.3642301845899063,3.259448345892902,0.8201004849707232
980,3.2121174409470528,1.3653983798329794,3.2652507448763455,0.826195704186431
981,3.2134105590550006,1.3672618394764635,3.2705001048373266,0.8295978547732211
982,3.2507239204215477,1.3855434154338684,3.285015120656653,0.8314080207835504
983,3.2728343543433973,1.395935590882588,3.317338701278606,0.8315273710608653
984,3.311547929634686,1.4216569216026764,3.32100660168226,0.8354097914488154
985,3.328124974429195,1.4258996102514572,3.3257883578179213,0.8428704722592909
986,3.3375340069897272,1.4552023216035286,3.328478596826827,0.8476604856635055
987,3.467622053663455,1.4649922981371544,3.3581037076228597,0.8480951042885395
988,3.4936588942267743,1.4742545224762074,3.3708939224171415,0.8499091242772819
989,3.4962130739449964,1.4898279627274442,3.375023656012641,0.8581551611510958
990,3.5105493275439175,1.5093312600565454,3.3802279266307,0.8614218556371367
991,3.525454843502391,1.529338538072698,3.3823233644656074,0.8669907938770902
992,3.5402067792437277,1.5405281917430989,3.3839479678274014,0.8750287447299061
993,3.5684080065570054,1.5963041028563683,3.4067281570986863,0.8785570267758933
994,3.7414256755739506,1.6001808092850396,3.4174425386508873,0.8798888752713605
995,3.769976377776212,1.6041097483040656,3.5143466986266607,0.8837497516446478
996,3.7897204817759116,1.6430417020742047,3.594738917283248,0.903117730624961
997,3.82045253219635,1.6505295297958424,3.641046854492531,0.91102076900166
998,3.9072436702720985,1.685277867396152,3.6635199622325056,0.9193369100862202
999,3.94180896177813,1.7820152289840938,3.7839720485580313,0.9889091622058813
1000,4.006750651569838,1.8125878425316269,3.872269623833019,1.5
1001,0.943350900155304,0.6592803490698764,1.8026705413707287,0.5850464948120363
